"date";"id";"text";"negative";"positive";"sentiment"
"2018-11-06";"1059958022686949376";"@DinoRossiWA We should talk to @paulgraveswa about homeschooling that adorable new team member!";0;1;1
"2018-11-06";"1059957983017345025";"Homeschool Christian Moms: Encouraging Each Other #goalaccomplish1 Read more at https://t.co/Lj7EGNreEw https://t.co/xqSxTv0gb0";0;1;1
"2018-11-06";"1059957686169690112";"@JohnTrump1776 @Northsider80 @2B7C89526 I'm not affiliated with anything. I'm just an overly enthusiastic homeschoo… https://t.co/tcH8hrPRyc";0;1;1
"2018-11-06";"1059955557879164934";"@tzdelar @JoyPullmann @SimplyFun I think you may have mentioned the wrong person, don't know you and i have no idea… https://t.co/p9U4qokCjL";1;0;-1
"2018-11-06";"1059955475729563648";"#Homeschool co-op day always has me like this. Between helping teach chess (which I've never played <U+0001F923>) and then wor… https://t.co/1HfMLNNKJX";0;2;2
"2018-11-06";"1059954743445864448";"Come check out Truth and Grace Homeschool Academy’s review of The Kitchen Marriage by @gina_welborn &amp; @BeccaWhitham… https://t.co/BovWRm30Yq";0;1;1
"2018-11-06";"1059954353237303297";"This voter turnout math activity will be so timely tomorrow as the topic is all over the news! Record breaking vote… https://t.co/x3PMAjDoEA";1;1;0
"2018-11-06";"1059954296303824896";"Happy Nachos Day! #ThisIsTheDayTheLordHasMade #OnMyWalkWithGod #amwriting #bibleverseoftheday #bibleverse #verse… https://t.co/XSPwaeDEQ9";0;1;1
"2018-11-06";"1059954158374211585";"I liked a @YouTube video https://t.co/BqoALkaifh HOMESCHOOL?! Baldi's Basics at our House!";0;1;1
"2018-11-06";"1059953622929338368";"WORKSHEET. TI-Nspire Mini-Tutorial: Graphing a quadratic function. This worksheet supports the TI-Nspire Mini-Tutor… https://t.co/YUD25FF99u";0;1;1
"2018-11-06";"1059953606638690304";"Are YOU brave enough to #homeschool? With so many changes taking place mid-year, this may be one of them for your f… https://t.co/aWPeSVN17a";0;2;2
"2018-11-06";"1059953110691516417";"@LarrySharpe @catoletters The Steiner School and several other methods are well proven effective. Steiner students… https://t.co/qiUZRwlkC9";0;3;3
"2018-11-06";"1059952805908115456";"Christ, my homeschool work is trying to sneak in social justice shit.";2;1;-1
"2018-11-06";"1059952335915380736";"Artificial intelligence predicts Alzheimer's years before diagnosis https://t.co/frzGbl0lUH";0;1;1
"2018-11-06";"1059951910231465984";"@bobsansevere I get being stupid but why publicize it so broadly on Twitter. That’s the part I don’t get. Cities do… https://t.co/dIiEK8JvwP";1;0;-1
"2018-11-06";"1059949350653255680";"@WaltenbaughRyan Fuck gyms I do homeschooling";1;0;-1
"2018-11-06";"1059949055059615745";"100+ Resources to Help You Grow Your Faith https://t.co/sCob9V5gGt https://t.co/b18Xq2XxId";0;1;1
"2018-11-06";"1059948451683692544";"New Blog Post!! November 2018 Homeschool Favorites. Check out some of my favorite books. https://t.co/LVSTu1p7XF… https://t.co/8pefpnwZAE";0;1;1
"2018-11-06";"1059948283588763648";"So the homeschooling started yesterday! I am so excited for the next chapter of our lives and i love that we get to… https://t.co/gay5dLPY2D";0;2;2
"2018-11-06";"1059945810635509761";"Enjoyed a most therapeutic hour this afternoon at Barnes and Noble. Homeschooling affords us the gift of extra time… https://t.co/TPHRq5Pm8N";0;2;2
"2018-11-06";"1059945083238199296";"#Homeschooling Gives the Freedom to #Travel https://t.co/jpXX0Q93N3";0;1;1
"2018-11-06";"1059944326116134912";"i have to ask my psychologist about homeschooling and i'm so fucking nervous, i hope they will let me be homeschooled";2;0;-2
"2018-11-06";"1059944291169157120";"Forde's Professional Tutoring! Give Your Child An Edge!
Weekend Homework Help. Available Monday to Saturday.
693 E… https://t.co/O7J78St9zj";0;1;1
"2018-11-06";"1059944092556320768";"@5pointsupermom Nice! Grateful for homeschool moms and dads. <U+0001F44A><U+0001F3FD><U+0001F44D><U+0001F3FD>";0;2;2
"2018-11-06";"1059943907759394817";"WORKSHEET. TI-Nspire Mini-Tutorial: Constructing the circumcenter of a triangle. This worksheet supports the TI-Nsp… https://t.co/d2Rd42Asou";0;1;1
"2018-11-06";"1059943640930361344";"Use these awesome printable #graphicorganizers to help kids respond to any book they read. #ihsnet #homeschooling… https://t.co/mizviJCgEg";0;1;1
"2018-11-06";"1059942266243047424";"I helped timporterlife put on a workshop for a homeschool group yesterday and had a blast working with the students… https://t.co/dNipQ62pJR";0;1;1
"2018-11-06";"1059942167169372160";"<U+0001F917> BEHAVIORAL MODIFICATION <U+0001F496>
Some parents may experience difficulty teaching their child the skills that they wish t… https://t.co/ufZ931QN74";1;0;-1
"2018-11-06";"1059941755435520000";"Looking for some family board games for the holidays? We have a 3 part BEST BOARD GAMES list recommended by parents… https://t.co/bz9vXw2w0g";0;2;2
"2018-11-06";"1059941252890673153";"@13TARDlS Sitting in a classroom was pretty painful at the time due to constant pain in my body. Nerve pain was pro… https://t.co/NBgPsybf7N";3;1;-2
"2018-11-06";"1059939651681697792";"I want to do a homeschool field trip here! How amazing would this be? #homeschoolfieldtrip https://t.co/zWDeFsau7i";0;1;1
"2018-11-06";"1059938737952501760";"Oh sure, we can't have enough support for disabled kids and I have to homeschool, but this fucker gets 20K for a ca… https://t.co/IWh5HkPgCP";1;2;1
"2018-11-06";"1059938515507666944";"Look at those crafting skills <U+0001F60D> Want to make your own shark puppet? Duh. Come to Homeschool Week at #SEALIFEOrlando… https://t.co/yeTvU2SsDB";2;0;-2
"2018-11-06";"1059938286830080001";"Do you have a child who looks at a piece of trash and sees a treasure that can be shaped or made into something els… https://t.co/iY4JebSX3S";1;1;0
"2018-11-06";"1059937982172553217";"J's job is talking to families who are looking to homeschool. She loves what she does. The other night, she got a c… https://t.co/fcPjpTOrWz";0;1;1
"2018-11-06";"1059937497860444160";"The same old story. A school becomes an Academy, is mismanaged then blames everything else when it falls apart. In… https://t.co/sw0GGHX2ZW";1;0;-1
"2018-11-06";"1059936765744689152";"Have you ever thought it would be best to give up on homeschooling?  See how your choices weigh out in this article… https://t.co/FGTPZ4mX6i";0;1;1
"2018-11-06";"1059936406401888258";"@allisonkate7 exactly! the ONLY THING i like about california is it’s mandatory for kids to be vaccinated in order… https://t.co/bVILU4lR3N";0;1;1
"2018-11-06";"1059936108602183680";"Don’t stress out, homeschool moms—use some of these strategies to help your right-brained reader maximize his or he… https://t.co/os5fmC088l";1;1;0
"2018-11-06";"1059935292445089800";"Technology is a wonderful thing, but it does need limits.  Kimberly Abel Vogel, SPED Homeschool team member and Thi… https://t.co/PKufrDKbxy";1;1;0
"2018-11-06";"1059934571461074945";"While fall is still here 
-
#daceyelse #fall #fallvibe #november #downtown #spokane #insta #instagood #travel… https://t.co/fS3da6kaE1";2;0;-2
"2018-11-06";"1059933283126046720";"Top #homeschool story: How to Help Homeschooled Teens Land Their First Job https://t.co/bbWeh33AiL, see more https://t.co/rdGf4kUJPB";0;1;1
"2018-11-06";"1059931828214087680";"Leave the curriculum on the shelf today and teach a few life skills!
Your future adult children will thank you.… https://t.co/fihPbuPgnX";0;1;1
"2018-11-06";"1059929663844294657";"Owen is doing the same creative writing project for homeschooling that Eleanor is doing in public school! They have… https://t.co/scWsi9ShaA";0;1;1
"2018-11-06";"1059929282481438720";"Hey parents! Take advantage today of the hype and teach our future voters about the #BillofRights, our legislature,… https://t.co/tpUUC1yb3v";1;1;0
"2018-11-06";"1059929067573702656";"@thesnarkygent Tbh I have a lot of respect for some homeschooling, I’m just dunking on Matt here";0;1;1
"2018-11-06";"1059928778552557571";"Educational Neglect: What To Do If You Are Concerned About A Homeschooled Child - https://t.co/9M6lvrEt7z";2;0;-2
"2018-11-06";"1059928693685080064";"This recipe for success is tried and true!  <U+0001F447>
https://t.co/7co7PAv7pH
.
#writing #homeschool #languagearts #english… https://t.co/XmcPHbsLLy";0;1;1
"2018-11-06";"1059928577121153024";"\"She shares her tips and tricks on enjoying time in the kitchen with your kids, as well as using this special time… https://t.co/t5OrQrZlIj";0;2;2
"2018-11-06";"1059928556715819009";"How to Survive Homeschool Sick Days https://t.co/km3z0WHxjb #ihsnet #homeschool #homeschooling https://t.co/ACo3dFnPp9";1;0;-1
"2018-11-06";"1059928436712660992";"Practical, By Default - Homeschooling fun in the kitchen, cake decorating for beginners.

https://t.co/JWIPC4uLCP https://t.co/JWIPC4uLCP";0;1;1
"2018-11-06";"1059927812331712514";"I liked a @YouTube video https://t.co/Kln58KOJi7 HOMESCHOOL HERE WE COME!! //ROOM REVEAL //FIRST DAY OF SCHOOL";0;1;1
"2018-11-06";"1059927763803688960";"Hanukkah printable pack about dreidels with 23 fun activities and games plus colorful dreidel poster.Suitable for l… https://t.co/WZlkT9LFIn";0;2;2
"2018-11-06";"1059927347124727808";"We rocked our #vote Make sure your #kids know why they need to vote. New generation that needs to know their right… https://t.co/uLdNgEwz75";0;1;1
"2018-11-06";"1059926319469920256";"There are way too many people who confuse “atheism” with “anti-theism”.

I blame public education budget cuts and h… https://t.co/EKLcaZTZbO";2;0;-2
"2018-11-06";"1059925146100793344";"8 Practical Ways to Win The Hearts of Our Kids https://t.co/IHfeOfOSUK https://t.co/S5ybR7OTSB";0;1;1
"2018-11-06";"1059925109392187392";"I liked a @YouTube video https://t.co/TWWhhIVr23 ICHE Take 5: An unexpected byproduct of homeschooling";1;1;0
"2018-11-06";"1059925100558987267";"Middle School Homeschooling: Your child will give you clues as to whether their curriculum is a good fit.… https://t.co/SU8ncQSqXc";0;1;1
"2018-11-06";"1059925067835076608";"@haleymmorales hey girly! I got homeschooled in 6th grade. best. decision. of my life. I was constantly bullied by… https://t.co/oPhRTF5PAJ";0;1;1
"2018-11-06";"1059924889501605890";"@coolcam101 We need armed guards in schools to protect children, if our country is still going to insist on sending… https://t.co/mJWmfjigFt";0;1;1
"2018-11-06";"1059924610039402497";"#SPEDStrong #GivingTuesday Campaign: https://t.co/72T2rWA5et Help us build stronger #specialed #homeschooling… https://t.co/pd5gwjtb5v";0;1;1
"2018-11-06";"1059923730351222785";"I’ve been an EFL teacher for 20 years now. I used to teach American history with great enthusiasm. Electing vile mo… https://t.co/wV4McvN3Od";1;2;1
"2018-11-06";"1059923065310711809";"Homeschooling Parent Lesson 3: Empathy

Here's how to teach your kids (especially the older ones) Empathy (not taug… https://t.co/9hEPS3qSNJ";0;2;2
"2018-11-06";"1059922381932847110";"I've spoken w/ #parents who want to #homeschool cuz they think it will improve their broken #relationship with thei… https://t.co/G6F50HJXu6";1;1;0
"2018-11-06";"1059922224088604674";"Anybody know any good homeschooling organization tricks for pre-K and grade 2-3??? This momma needs some help!… https://t.co/Qs8Jrmq3px";0;1;1
"2018-11-06";"1059922148494598144";"We asked our LUOA families what the best piece of advice they received as a homeschooling parent was. Here's what J… https://t.co/Xdj97CEOfh";0;1;1
"2018-11-06";"1059920990363365376";"Make every learning session fun. https://t.co/PzAdLp8HJb #homeschool #tutor";0;1;1
"2018-11-06";"1059920928581279745";"Today is a homeschooling win. I don’t have many of those. 6 y/o knows more sight words than I thought, he willingly… https://t.co/vXqxP7xI9H";0;2;2
"2018-11-06";"1059920915587362816";"Join Homeschool Adventures members for As You Like It on Thu, Feb 21 or Wed, Feb 27, 2019, at the Guthrie Theater i… https://t.co/aoRcn9rlPU";0;1;1
"2018-11-06";"1059920862713954309";"#Free #ebook 
\"Boys and Girls of Colonial Days\"
Illustrated full-color reader teaches children about America’s colo… https://t.co/LSDN6rO2Im";0;1;1
"2018-11-06";"1059919119703781378";"don’t ever homeschool your kids in virginia under “religious exemption” unless you want them to straight up kill themselves";1;0;-1
"2018-11-06";"1059918058561699844";"Thankful for stores like @BookOutletcom they make homeschooling affordable. I was able to get the little one 11 bra… https://t.co/d6YQ7GCVLk";0;3;3
"2018-11-06";"1059917717426311168";"@rhet_hailey You’ve hidden your homeschool-ness well; i had no idea";0;1;1
"2018-11-06";"1059917336130523141";"Homeschooling a child as defiant as my son is no easy feat. The last two weeks has been especially difficult and I’m just tired";3;2;-1
"2018-11-06";"1059917112611954688";"100 Educational YouTube Channels for Curious, Creative, Gifted Kids  #gtchat #gifted #homeschool

\"For all I compla… https://t.co/yCgdtXKOqE";0;3;3
"2018-11-06";"1059914921754984453";"When you’re too cool for the classroom so you hang at the coffee shop drinking a dirty pumpkin latte while learning… https://t.co/W1Bz1d08kF";2;1;-1
"2018-11-06";"1059913591896399877";"@AltRightTruth @colinflaherty Homeschooling was tje BEST thing I ever did for my sons! My oldest went until the end… https://t.co/ASfGX6R0MY";0;1;1
"2018-11-06";"1059912798803804160";"Be in the know - ALL things Christian Homeschooling especially for CA...Are you receiving this FREE by… https://t.co/3WUezN9TdZ";0;1;1
"2018-11-06";"1059910673294073856";"@NotDeadGlomar @JoyPullmann Every time I have a slight doubt about homeschooling I read another metric, another sto… https://t.co/OlK2nkjKhJ";1;0;-1
"2018-11-06";"1059910626921906176";"Why happy homeschool moms are planners https://t.co/AuoLuseLw6 https://t.co/HGZYLy3Kf4";0;1;1
"2018-11-06";"1059910585444372480";"@Ghost0fNCA I only wish the teacher had connected better. This man deserves a paid vacation and that kid AND his pa… https://t.co/SrwzQ1kTxL";0;1;1
"2018-11-06";"1059909129718956032";"will homeschool moms ever stop shit talking me ???";1;0;-1
"2018-11-06";"1059908600125104128";"Best Homeschool Algebra Curriculum https://t.co/XsKxcU5z6u";0;1;1
"2018-11-06";"1059907303720345600";"I like CPO science.  Many are steered away from it because of the extensive list of expensive lab supplies that are… https://t.co/uOFVo9Wjtd";1;1;0
"2018-11-06";"1059907045447487488";"Useful Guidance For Making Sure You Homeschool Successfully - https://t.co/pnE3muwpBq - https://t.co/f859OKAfYX";0;3;3
"2018-11-06";"1059906849351315462";"Homeschool Blogs with tips, Curriculum, Bonus mom Style tips #sahm #hs #hsm #homeschool https://t.co/VcMyWdQi9c";0;1;1
"2018-11-06";"1059906785656688640";"@PKupfner @TopInfoBlogs @mitchellvii You are so right...some of us  were  saying this in the 90s and looked at like… https://t.co/MLXm45yIv1";0;2;2
"2018-11-06";"1059906386384076801";"@Jade_Nagi @jayforeman A very funny forum for people to look &amp; comment on this is;
https://t.co/Slg03zwbOE

The Dug… https://t.co/6Oqm8WZ4JB";1;0;-1
"2018-11-06";"1059906061698777089";"When Skill Learning Gets Messy https://t.co/j4ljItwLa4 #homeschoolblogger #homeschool https://t.co/VHU8gPmgfF";1;1;0
"2018-11-06";"1059905881469603841";"...Celebrate #Thanksgiving with a #unitstudy! These books, resources, and free printables will help you create a Th… https://t.co/D7RolZWHH9";0;2;2
"2018-11-06";"1059903893927268352";"I liked a @YouTube video https://t.co/bRzEvp45op Update # Homeschool Room Tour";0;1;1
"2018-11-06";"1059903548580921344";"stay at home(prob enc Homeschool)&amp;max time+involve=best super parent,but omitted detail-Dad works,so Mom must fulfi… https://t.co/a2fQ3lpAwR";0;3;3
"2018-11-06";"1059903215024726017";"gonna try to go to school tomorrow. can’t wait until i get approved for homeschooling because i hate that shithole";1;0;-1
"2018-11-06";"1059899818145918977";"ok im back from homeschool but im still gonna be a coward and avoid his post until hafsa looks at wooyoung's.";1;0;-1
"2018-11-06";"1059898662149677056";"In addition to a very cool metalworking class, personalized learning at Clio Area Schools includes project-based le… https://t.co/8bUiqvbdAx";0;2;2
"2018-11-06";"1059898504406016003";"Which of these excuses are you tired of hearing? https://t.co/ua6lBDknyp https://t.co/ua6lBDknyp";2;0;-2
"2018-11-06";"1059898321123336192";"Get to know more about autumn with this simple fall leaves unit study for kids! https://t.co/Syipa5UkDx #ihsnet… https://t.co/MeVZjOWk0k";1;0;-1
"2018-11-06";"1059898259349688320";"There are tons of documentaries on Netflix that are great for learning. Check out the list! https://t.co/vhcJWbztuA https://t.co/NS0DeCFNUu";0;1;1
"2018-11-06";"1059897786680918018";"When you tell your son he’s going to be spanked if he continues being disobedient and he asks, “whose way? Your way… https://t.co/g1u4PpKdto";1;0;-1
"2018-11-06";"1059895670331428864";"Just found out #JohnQuincyAdams was our first President to have his picture taken. Thank you @HistoryVault . Great… https://t.co/dzcrEKD7nr";0;2;2
"2018-11-06";"1059894740143923200";"From my homeschooling wife: 

Reading a book about pioneers. The wife died and after several years, the father puts… https://t.co/8OXg2PO4i4";1;0;-1
"2018-11-06";"1059894391962140672";"New homeschooling blog post up! Five important things to know about homeschooling. https://t.co/mHIsF4jF5d";0;1;1
"2018-11-06";"1059893702921904128";"@CertifiedHatter @Anon_Mafioso @BabsMistake Unless homeschooling means teaching Kai how to roll a blunt";1;0;-1
"2018-11-06";"1059893676762152961";"Check out these fun free fall notes to show someone how much you love and appreciate them.  I love to put them on m… https://t.co/9wrgClms0h";1;5;4
"2018-11-06";"1059893325443067904";"Writing with my boys is so much fun! #amwriting #amrevising #writer #familyfun #homeschool https://t.co/H4d02yBvN3";0;1;1
"2018-11-06";"1059893232002363397";"WORKSHEET. TI-Nspire Mini-Tutorial: Midpoint formula template. This worksheet supports the TI-Nspire Mini-Tutorial… https://t.co/Cw4cCUBDfr";0;1;1
"2018-11-06";"1059892559928066048";"Her kids are fucked. That’s who I feel bad for. 

Homeschooling?!? 5 of them no less! SMH https://t.co/dvBNZe69be";1;0;-1
"2018-11-06";"1059892079587876865";"I liked a @YouTube video https://t.co/aBEtbQklvT Why I Homeschool My Kids || Mayim Bialik";0;1;1
"2018-11-06";"1059891974008909824";"Get free resources for teaching parts of speech. #homeschooling #education #homeschool https://t.co/DndqBo3ViB";0;1;1
"2018-11-06";"1059891396117757953";"Did you take your kids with you to vote today? Your local polling place is a great #homeschool field trip destination. #ElectionDay";0;1;1
"2018-11-06";"1059891394976907265";"Grading my teen's geometry and he will not write the statements as \"If...Then\" which makes his answers unclear. Ugh. #homeschooling";2;0;-2
"2018-11-06";"1059891206937817088";"Whether you homeschool or not, there are great ways to integrate learning into your travels. Of course, some trips… https://t.co/a6wp18CO2B";0;1;1
"2018-11-06";"1059890844361261056";"Homeschool Co-ops: The Good, the Bad, and the Unexpected &gt;&gt; https://t.co/eVni9MMM9P";2;1;-1
"2018-11-06";"1059890735573544960";"6 year-old: I’d like some blue construction paper. 

Me: *hands him light blue paper*

6: No, I need dark blue. 

M… https://t.co/u9p9rcedsJ";1;1;0
"2018-11-06";"1059890378806083585";"@ShanJeniah @Mirror_Ayako I'm a big fan of homeschool, you have my admiration because it is NOT easy! Let see if th… https://t.co/2495Ugx2vO";0;2;2
"2018-11-06";"1059888918705958917";"Alright mamas! 
Homeschool? <U+0001F3E1> 
Private school? <U+26EA><U+FE0F> 
Public school? <U+0001F3EB> 
What do you do? Pros and cons? <U+0001F937><U+0001F3FC><U+200D><U+2640><U+FE0F><U+0001F937><U+0001F3FC><U+200D><U+2640><U+FE0F>";1;1;0
"2018-11-06";"1059887801347567617";"We've had a great month learning about the world around us!

https://t.co/qmaaeyTCFv
#homeeducation… https://t.co/I1w9MSl1pD";0;1;1
"2018-11-06";"1059886920195403776";"Ready to plan ahead for some Thanksgiving studies? Here's a great book list to get you started.… https://t.co/a7YEMzSKSX";0;2;2
"2018-11-06";"1059886130387189761";"Want to get your preschooler something fun and encourage proper development? Try these classic toys:… https://t.co/2sFWBf6ZZ5";0;4;4
"2018-11-06";"1059885973096546304";"@haleymmorales how have you been liking homeschooling?";0;1;1
"2018-11-06";"1059885671995699200";"Are you a homeschooler? Are you a blogger or vlogger? Do you like checking out homeschool curriculum? Then the Home… https://t.co/44OAMTd8KT";0;1;1
"2018-11-06";"1059885388242784256";"Here are some of the ways you can positively support your child’s reading development. Let me know below if you hav… https://t.co/UwUdToxuKd";0;2;2
"2018-11-06";"1059884712280371201";"The benefits of homeschooling and the lessons I have learnt along the way #homeschool #homeed… https://t.co/pcn962fSlR";0;1;1
"2018-11-06";"1059884311460098049";"Fun with collages today. All the things my little ones love, and the love words I have for them on one pretty page.… https://t.co/PEW7YjFT2R";0;4;4
"2018-11-06";"1059884219579670528";"Loads of fun at #homeschool event @beattiesfordlibrary we painted everything under the sun even the tables <U+0001F636> my apo… https://t.co/kRGT1Es2tu";0;1;1
"2018-11-06";"1059883350704435205";"I liked a @YouTube video https://t.co/1OXq8j9F6H Why I Homeschool My Kids || Mayim Bialik";0;1;1
"2018-11-06";"1059883312712429568";"-Albert Einstein, theoretical physicist who developed the theory of relativity

#genius #findyourgenius #kids… https://t.co/yc7yWoBMy2";0;1;1
"2018-11-06";"1059882918737145856";"Free Foreign Language Courses https://t.co/cskrb12AKR #homeschool";0;1;1
"2018-11-06";"1059882317727105025";"@lottyburns I’d pay debts off,a house with annex for my Nan,a car,homeschool my daughter,buy a house with land for… https://t.co/BjpETDry5k";1;0;-1
"2018-11-06";"1059882177712799745";"@Dark_Rainbow140 @bitchitsgabbt Homeschooling is so much better.";0;1;1
"2018-11-06";"1059881166726221826";"LaVar’s homeschooling methods must not have worked... https://t.co/gAFS2Zldia";0;1;1
"2018-11-06";"1059880619239333888";"Enter to #win National Geographic Kids Weird But True! Mega Prize Pack #giveaway #educational #natgeokids #books… https://t.co/hUNSehAWRv";1;2;1
"2018-11-06";"1059879894216261633";"Fun #Thanksgiving Crafts for Kids https://t.co/xlySsBvPsG #art #fall #homeschooling #seasonalcraftsactivities";1;1;0
"2018-11-06";"1059879511922221057";"I have a YouTube channel where I answer viewer questions about geology. It is especially great for kids, teachers a… https://t.co/EfVXzxLzza";0;1;1
"2018-11-06";"1059878598826283008";"@JoeNBC The fact that so many Americans still support trump is an indictment of our k-12 educational system. The mo… https://t.co/Ipc1uOKvoO";0;2;2
"2018-11-06";"1059878429716299778";"My kids have brought in a slug and grasshopper for observation. They've also asked Google Home what these critters… https://t.co/XBzgYQDZDu";1;0;-1
"2018-11-06";"1059877291143168000";"Ok homeschool fukin sucks 1/10 recommend";1;1;0
"2018-11-06";"1059876912892243968";"<U+2066><U+2066>@Dunphy1John<U+2069> liking #homeschool #lego #Robotics <U+2066>@DesignLearningA<U+2069> <U+2066>@CajonValleyUSD<U+2069> https://t.co/FHSjmFPbLk";0;1;1
"2018-11-06";"1059876643265765377";"@lazyronstudios someone at my school/homeschool co-op thing, (its complicated) said 
\"whats wrong with your hair?\"… https://t.co/TfVN0kwm7t";2;0;-2
"2018-11-06";"1059876423761125378";"We are concerned that the dramatic increase in harassment of homeschool families by public school employees is in r… https://t.co/CrEetLVVc6";2;0;-2
"2018-11-06";"1059874433819664384";"#ScienceRocks I found this amazing #physics video for my kids today. #homeschool #win #geekmom… https://t.co/p0xJhTYDax";0;2;2
"2018-11-06";"1059873820440514560";"Immerse in fall foilage - Latin style! #classicalcurriculum #classicaleducation #homeschool #homeschooler… https://t.co/S6RrXeARES";1;0;-1
"2018-11-06";"1059872142693728258";"@EdmundHulton That is why I pulled my son out of school last year ....homeschool until they get their shit together… https://t.co/wrezjeI0UG";1;0;-1
"2018-11-06";"1059871706850963457";"Went to cast my vote. Went early because first time at this location. It was packed. Got there and some fat ass dud… https://t.co/36hkLXlMAz";2;0;-2
"2018-11-06";"1059871681169276928";"Walking the <U+2728>light<U+2728> warriors to their homeschool co-op! I love how the co-op truly feels like a large family! It’s… https://t.co/tO4GQaPhjm";0;2;2
"2018-11-06";"1059871137406963713";"@ashrg85_Tae @BTS_twt I know, right! There is just so much today! I'm trying not to miss anything but also trying t… https://t.co/ZLAskMPDvE";1;1;0
"2018-11-06";"1059870498627174400";"The struggle is real sometimes!<U+0001F92A> #Homeschool #homeschooling https://t.co/gBxEPipuQb";1;0;-1
"2018-11-06";"1059870333648363520";"@Phunky_Brewster @nerdsofpreycast I'm always in awe of people who homeschool.";0;1;1
"2018-11-06";"1059870014365487104";"CONGRATULATIONS and Welcome! Macy Naylor signed with Softball! Macy is a catcher and has been homeschooling. We’re… https://t.co/RWfhjxb6ji";0;2;2
"2018-11-06";"1059869895670800384";"@STLHSEvents This is a great opportunity for homeschool students to learn about the benefits of dual enrollment at… https://t.co/rPEjzqeTkh";0;2;2
"2018-11-06";"1059869838808678401";"31+ Free Personal Finance Homeschool Resources - Money Prodigy https://t.co/KJdtU0plPQ via @@frugalconfess";0;2;2
"2018-11-06";"1059869783150211074";"Save the date! November 27 is #GivingTuesday. That's just three weeks away. How will you support CHEA in its missio… https://t.co/q1yDqKX1O1";0;1;1
"2018-11-06";"1059869331012624384";"From the Bayous finest homeschool to student athlete of the week! Proud of my guy @Jpicone7 https://t.co/ESUMsdEyQl";0;2;2
"2018-11-06";"1059868883773988865";"Got such a big smile when I went to vote and saw a mom come in with three grade-school-aged kids carrying baskets o… https://t.co/qRcq3LC7PS";0;1;1
"2018-11-06";"1059868035262173184";"Hands-on Ancient Babylon: Hanging Gardens Fun Activity https://t.co/p7E6b9ULzA #ihsnet #homeschool #homeschooling https://t.co/Zkq8PxbcbW";0;1;1
"2018-11-06";"1059867785768009728";"Homeschool didn’t pan out I suppose. https://t.co/oMgYCor7el";1;0;-1
"2018-11-06";"1059866634867933184";"I’m sitting next to a gaggle of jerks babble about how much better it is to homeschool their kids and they’re ruini… https://t.co/pYAYgLIvGq";1;1;0
"2018-11-06";"1059866352972976128";"Studying Nubia in history today. A lot of our homeschool history is new to me, too. Which is deeply sad.";1;0;-1
"2018-11-06";"1059866273507471360";"HUGE List of FREE Homeschool Curriculum &amp; Resources (25 Freebies!) https://t.co/aebUAIjXFN https://t.co/hXB0OpCtTK";0;1;1
"2018-11-06";"1059865766441365504";"@kidwthbighair Thank you for that. I homeschool and will include that tidbit in the curriculum.";0;1;1
"2018-11-06";"1059864216616632320";"I found a super cool math game for Ephraim to practice his math skills. It is great for homeschool, but would also… https://t.co/01kdZBkoYM";0;3;3
"2018-11-06";"1059863042924666880";"WORKSHEET. TI-Nspire Mini-Tutorial: Exploring rational function graphs with sliders. This worksheet supports the TI… https://t.co/9tbDZIQZvP";0;2;2
"2018-11-06";"1059862802272260096";"We love educational toys, check out our favourites #education #homeschool #homeed #toys https://t.co/gix5rvy5wa https://t.co/R8LNgwmikX";0;1;1
"2018-11-06";"1059862493160456193";"6yo attended her first homeschool PE class today. She was the youngest and the smallest but she hung in there with… https://t.co/g4OBH3un7a";1;0;-1
"2018-11-06";"1059862450785284096";"Taking a break after running errands on my motorcycle (yes! I can do that now!) to answer some work emails before h… https://t.co/9pVpwJe4Nt";1;1;0
"2018-11-06";"1059862327930118144";"If you are looking for great ideas for #homeschooling, #dinner, #kidscrafts and more - check out my Pinterest acct!… https://t.co/mM2mpYmP6Q";0;1;1
"2018-11-06";"1059861992482193408";"Homeschoolers! Don't miss Homeschool Days tomorrow at the Discovery Center, and follow our new @SpaceFdnEdu page fo… https://t.co/o63fLljPDw";1;0;-1
"2018-11-06";"1059861348438421504";"We created great artwork using Master Kitz The Starry Night from @kidzaw. This was such an awesome product to… https://t.co/Arf4ac41n9";0;3;3
"2018-11-06";"1059860485380755459";"Between a visit from our 5th-grade student council to an afternoon of trick or treating with our homeschool kids, o… https://t.co/bbo8QYUrzl";1;0;-1
"2018-11-06";"1059859623803404288";"I got this microscope. Amazing for the price. Best 13 dollars ever spent.  Great for #Homeschool or just fun.… https://t.co/pveLaYqZr8";0;4;4
"2018-11-06";"1059859450989813760";"Come discover how #morningtime can turn the worst morning into a great day and put a stamp of #success on even the… https://t.co/2OThj0yy6G";1;2;1
"2018-11-06";"1059859208374382593";"For when you just don't know where or how to start. 
@WriteShop  has some great #writing warm up for your kiddos.… https://t.co/98F7fIYWxz";0;2;2
"2018-11-06";"1059859152078430208";"@tannerguzy Homeschool is the greatest gift — not just for the kids but for the entire family<U+0001F495>";0;1;1
"2018-11-06";"1059858925070311424";"We are excited to announce our #STEM Academy launch, including our website with class schedule and other informatio… https://t.co/cvcRvzV7Mi";0;1;1
"2018-11-06";"1059858678935941121";"When I ask my #husband what he’s doing at #work, he has his #students wave at me <U+0001F602> I have mine wave back. #USAF… https://t.co/T1f7K4cTBR";0;1;1
"2018-11-06";"1059858604776284160";"With the internet being what it is and the building momentum of homeschool, I’d say it’s more like a revolution https://t.co/YWHqqopY1s";0;1;1
"2018-11-06";"1059858018807017472";"WORKSHEET. TI-Nspire Mini-Tutorial: Constructing and measuring an angle. This worksheet supports the TI-Nspire Mini… https://t.co/9IQn8ESbBT";0;1;1
"2018-11-06";"1059857443856044034";"@TaylorSwift&amp; #JimCarrey: More early history of #Progressive #SocialDarwinist @theDemocrats you support&gt; 1913:year… https://t.co/ODcWZyH67f";0;2;2
"2018-11-06";"1059856057630162944";"#Parents &amp; #homeschool families: Have you heard of @LegendsLearning? This free platform has 1000s of free games for… https://t.co/9t7n8dMm7z";0;2;2
"2018-11-06";"1059855958917169152";"#Giveaway: Kids Love to Read #learning #reading #homeschool https://t.co/jwnaf9lCIf";0;1;1
"2018-11-06";"1059854616001572864";"Looking for a great #Catholic resource for teaching your kids about the birds and the bees? Check out Peter Stocker… https://t.co/uV6dFEh4La";0;1;1
"2018-11-06";"1059854592756740096";"@dreaaaamarie Totally get you mama <U+0001F495> but damn I’m just so set on this life that anything else wouldn’t fit my ideal… https://t.co/tjjJ1xmvx0";1;1;0
"2018-11-06";"1059853510488006656";"Homeschooling moms have BIG hearts. And NO time to themselves. No holidays or summer breaks. No relief. So just how… https://t.co/AyImsB2hCz";1;1;0
"2018-11-06";"1059853281990709248";"Another great homeschool class in the book. We worked on front choke defense, uchimata throw, 4 ways to get mount,… https://t.co/s0qZiZrU37";1;2;1
"2018-11-06";"1059853186536751104";"Voted today with our little guy in tow! Stood in line! Yeah, for great turnout! #autismawareness #homeschooling https://t.co/lmNNPtxNPM";0;1;1
"2018-11-06";"1059853083826483200";"Another great homeschool class in the book. We worked on front choke defense, uchimata throw, 4 ways to get mount,… https://t.co/B6sMAy20RO";1;2;1
"2018-11-06";"1059853064868429824";"Need your input for an upcoming blog post! The holiday season is here- We're looking for clever tips on managing st… https://t.co/d25B5xbcWe";0;1;1
"2018-11-06";"1059852775016841222";"When homeschool moms brag and think they’re better than other homeschool moms...

Really?!

Every family and child… https://t.co/BEDnSZam77";0;1;1
"2018-11-06";"1059852421139259394";"@TaylorSwift&amp; #JimCarrey: More early history of #Progressive #SocialDarwinist @theDemocrats you support&gt; 1913:year… https://t.co/thN1ialXoL";0;2;2
"2018-11-06";"1059852182487527425";"I'm pretty sure this wasn't for homeschool. But, you never know. :D https://t.co/NvkMYFAr95";0;1;1
"2018-11-06";"1059851887279771649";"<U+0001F600> Big Bad Ben has nothing on this smarty pants! Great work @thewaldockway! #learningtoread #prek #kindergarten… https://t.co/0NnHvGDgrn";1;2;1
"2018-11-06";"1059851458013683712";"@KimYenNguyen68 I was a high school teacher. All the teacher’s unions support liberal politicians. I was not a memb… https://t.co/PVOI4REqRE";0;1;1
"2018-11-06";"1059848996611596288";"Fun For All #Educational #Giveaway #homeschool #learning #learninggames https://t.co/bL5OKdRe5a https://t.co/nTlCqNJE6d";0;1;1
"2018-11-06";"1059848823542046720";"great news!  i've decided to drop out of university and homeschool for my bachelors degree";0;1;1
"2018-11-06";"1059847933330423808";"VIDEO: Algebra Applications: Data Analysis, Segment 4: What Is a What is Adjustable Rate Mortgage? Run a number of… https://t.co/wrF09WSNAn";0;1;1
"2018-11-06";"1059846628486582273";"Sharing My Passion for Cooking #challenge #Cooking #example #experimenting #Health #homeschool #lifeskills… https://t.co/xRxzKEkWmq";0;1;1
"2018-11-06";"1059846008341839872";"A few things to remember when you're feeling worn out.

https://t.co/MwoPBuS8wY

#ihsnet #homeschool #homeschooling… https://t.co/K8tQ24jWBK";1;0;-1
"2018-11-06";"1059845640639995904";"Let your kids flex their minds and get ready to write with pre-writing activities. We've got some suggestions to ge… https://t.co/pfHb94aqqG";0;1;1
"2018-11-06";"1059845529390276609";"Not sure if you’ve picked the right #homeschool #sciencecurriculum for your child? Seek expert advice!… https://t.co/TAZfTgblyq";0;1;1
"2018-11-06";"1059845368605630464";"Civics class for today: <U+2714>
Homeschooling, ftw. https://t.co/73SEfyNg6d";0;1;1
"2018-11-06";"1059844214832484354";"My baby girl proud she went with her daddy to vote as a part of the Texas homeschooling curriculum. She earned her… https://t.co/n17B0WCiBw";0;1;1
"2018-11-06";"1059843847432241152";"School of choice, 
Ive lived on places where it works and other places where the fear of choice never allows it to… https://t.co/efqZSAPgbg";1;1;0
"2018-11-06";"1059843169855127552";"Vote today...you like purple or red bell peppers better?
#garden #urbanhomestead #homeschoolgarden #homeschool https://t.co/oQvnOx7J5i";0;2;2
"2018-11-06";"1059843036748963840";"The 2 boys qualified their 6 ball juggling patterns last night using the new LD Pro from @FlyingClipperHQ so time f… https://t.co/UZJ0e62QYG";0;1;1
"2018-11-06";"1059842990695505920";"I liked a @YouTube video https://t.co/BaEWKjVCIR CAR UPDATE, SCREEN TIME, HOMESCHOOL PREP &amp; JUNK FOOD | Mum of 8 Vlog";1;1;0
"2018-11-06";"1059842856750202880";"In each and every election, it's your rights, it's your freedoms, it's your interests that are on the ballot. Todd… https://t.co/Amy5213Ez2";0;2;2
"2018-11-06";"1059841677286875136";"Add fun to #homeschooling by #gameschooling https://t.co/XjCM78C41O https://t.co/dMMJ4RQ97Z";0;1;1
"2018-11-06";"1059841645942923264";"During high school, the focus of language arts shifts to an even more complex approach.  It is vital that students… https://t.co/rpLBQwCk1g";1;0;-1
"2018-11-06";"1059841550044315648";"At the Homeschool Fair meeting families and showing them the educational programs we have to offer https://t.co/An2FZt04IO";0;1;1
"2018-11-06";"1059841473879986176";"<U+2764><U+FE0F> I love God <U+0001F64F>
<U+2764><U+FE0F> I love helping others
<U+2764><U+FE0F> I love homeschooling our twins
<U+2764><U+FE0F> I love <U+0001F436> 
<U+2764><U+FE0F> I love crafts

What are… https://t.co/RYvPp0O0cs";0;6;6
"2018-11-06";"1059841007544610817";"HUGE List of FREE Homeschool Curriculum &amp; Resources (25 Freebies!) - Money Saving Mom® https://t.co/fbdC0FbIW5 via… https://t.co/SVOfShnlLF";0;1;1
"2018-11-06";"1059840160198787072";"I liked a @YouTube video https://t.co/jZHNZsCp6g WHAT HOMESCHOOL WITH A NEWBORN LOOKS LIKE! | VLOG";0;2;2
"2018-11-06";"1059840086383226880";"#Happy #kids happy #Parents

https://t.co/ocLSPxifR5

#Word #games #children #app #Appstore #ios #iPad #iPhone… https://t.co/jYdIvpeQQZ";0;2;2
"2018-11-06";"1059840083321372672";"The Eavesdropping on the Great Conversation Bundle is designed for juniors and seniors in high school. If your teen… https://t.co/gyJgqo4BF0";0;1;1
"2018-11-06";"1059840049292832770";"HUGE List of FREE Homeschool Curriculum &amp; Resources (25 Freebies!) - Money Saving Mom® https://t.co/fyLPv70h1W via… https://t.co/waCH7y4LVW";0;1;1
"2018-11-06";"1059839371266875392";"How do you run your days? 

-- Loose routine  OR
-- Very scheduled 

#wahm #homeschool #DIYed #entrepreneur";1;0;-1
"2018-11-06";"1059839304170684416";"Activities for Great Christian Writers in Homeschool Co-op https://t.co/ur95n8bzKZ";0;1;1
"2018-11-06";"1059839245572079616";"One of the challenges I have noticed with homeschooling is teaching kids how to properly hold a pencil. I found the… https://t.co/nDlqj9TZWR";0;1;1
"2018-11-06";"1059839155159494657";"From homeschoolinjammies:  Color by Number,  Crossword #Puzzles, Posters = FREE #RESOURCES  For  #Homeschooling : https://t.co/IDj2XWpM5b";0;1;1
"2018-11-06";"1059838302092713985";"WORKSHEET. TI-Nspire Mini-Tutorial: Exploring radical function graphs with sliders. This worksheet supports the TI-… https://t.co/HKoY5K4oGq";1;1;0
"2018-11-06";"1059838142793035776";"Meh, the bigger the house, the more room for books is what I always say. My husband may disagree, our downstairs ha… https://t.co/JbqXIOJjEx";1;0;-1
"2018-11-06";"1059838040632410112";"Found this great mini-lesson, reading material and activity about voting since the Niyah's World and my sun will be… https://t.co/36dqkMtoT1";0;1;1
"2018-11-06";"1059837857404276736";"One of the greatest benefits of homeschooling is that you are able to let your child explore his or her many intere… https://t.co/X2BJKRZ9qO";0;2;2
"2018-11-06";"1059837450065981440";"Have you got a homeschooled teen who's ready for his first part-time job? Try these tips to help him confidently na… https://t.co/vthwsl3dOV";0;1;1
"2018-11-06";"1059836870140575750";"@Davidboro21Dave @MSNBC \"This facts is the best facts I can do\" I take it English isn't your first language. Or did… https://t.co/9i912ebKlz";0;1;1
"2018-11-06";"1059836642024980480";"Guess I’ll go finish up some work for my homeschool";0;1;1
"2018-11-06";"1059836280463331328";"Homeschool Highschool Podcast Ep 48: Why Do Teens Need to Know Great Christian Writers? https://t.co/UUKOLp0gvM";0;1;1
"2018-11-06";"1059835844423532544";"Homeschooling 4 kids is no joke. <U+0001F613>";1;0;-1
"2018-11-06";"1059834945017929734";"@Spacebunny21 Spacebunnys have killed more people with better organization skills than all atheists combined.  

Yo… https://t.co/TvnFVkZqKL";1;1;0
"2018-11-06";"1059834802164129792";"Look, some of us run low on space at home. You want that Pinterest-worthy homeschool space but it just ain't gonna… https://t.co/njKGIXq9Dd";0;1;1
"2018-11-06";"1059834440698871808";"@RussiawithoutBS @Seriouslywtf16 Outlaw homeschooling and everything'll be OK in a couple of generations";1;0;-1
"2018-11-06";"1059833954478493697";"Teaching my nephew can be so difficult at times, but on days like this it is so rewarding #homeschooling";1;2;1
"2018-11-06";"1059833819245826053";"Looking for a fruit of the spirit curriculum/devotional for my 2 &amp; 4 year old. Any recommendations from any of you… https://t.co/0w6ZZShjfv";0;1;1
"2018-11-06";"1059833041210802178";"When your homeschool child says, \"I don't like math!\" Read on! These are great tips to help you rethink mathematics… https://t.co/0u7v89dkJ5";0;2;2
"2018-11-06";"1059832004500508674";"Being the governor of Alaska is like being the principal of a homeschool";0;1;1
"2018-11-06";"1059831936686809088";"#homeschool is the best ... only question I have is why I waited so long ... keep the regulations away from us, and… https://t.co/V13HjBUnoP";0;1;1
"2018-11-06";"1059831635850387456";"Homeschooling Your Kids, Is It The Right Solution For You? - https://t.co/ZsMU2YEw4Y - #Child… https://t.co/Gg5kdo6bzK";0;1;1
"2018-11-06";"1059831544829882369";"Here are some #homeschool tips for helping right-brain learners. #ihsnet https://t.co/AbI5Uf5aDz";0;2;2
"2018-11-06";"1059831538173517824";"@SCB_Ben @jonkerlin maybe there’s already a video (or two) on this topic that I’ve failed to find, but.. young wiza… https://t.co/e1QOXd0HNe";1;0;-1
"2018-11-06";"1059831036945752064";"Homeschool Defense: Standardized Teaching = Top Test Scores? https://t.co/rsqZcMnvHK";0;1;1
"2018-11-06";"1059830788647239688";"Parents’ Choice Classic Toy Award Winner! The Wikki Stix Activity Set is ideal for younger children, ages 3-5 or so… https://t.co/eDzkE5tLKH";0;4;4
"2018-11-06";"1059830084578750469";"@ImChelseaGreen That's why I love homeschooling my daughter <U+0001F60A>";0;1;1
"2018-11-06";"1059829770630897666";"New post: HUGE List of FREE Homeschool Curriculum &amp; Resources (25 Freebies!) https://t.co/qNjJY7q883";0;1;1
"2018-11-06";"1059827433858326528";"Not twins. They just dress alike to confuse the teachers at our homeschool co-op. #pranksters #theydonttrickme… https://t.co/IbOzU8FXHP";1;0;-1
"2018-11-06";"1059827263049527296";"@lydiafhall \"I never insighted hatred.\"

#sic
#homeschooling";1;0;-1
"2018-11-06";"1059826605235863553";"Candy corn catapults, turkey baster relays, turkey geometry..... Check out these great Thanksgiving themed #STEM pr… https://t.co/RA7SdFFMzZ";0;1;1
"2018-11-06";"1059825469971939328";"@EndedRainbows @nickbarrows82 @PBandJenelley_1 She must be so very busy homeschooling Maryssa and making stupid SC videos";1;0;-1
"2018-11-06";"1059825022502649856";"Learn how to type the fun way with FREE Typing Games #homeed #homeschooling https://t.co/RkQ57coLZg https://t.co/nckPK25B2h";0;2;2
"2018-11-06";"1059824410666979333";"It's Election Day: Don't Forget to Vote! Remarkable Surge in Homeschooling Harassment - https://t.co/2N0RfNqV38";1;1;0
"2018-11-06";"1059824122904133632";"I LOVED homeschooling! https://t.co/ooHcJkI1YJ";0;1;1
"2018-11-06";"1059824005006409740";"Have you seen our Homeschool-Friendly Colleges Directory? https://t.co/uK4QzIujw0 https://t.co/o9pBvZgPlW";0;1;1
"2018-11-06";"1059823660868005888";"Getting it all done can be overwhelming.  Just remember to be the parent first. The rest will fall in place with ju… https://t.co/evyys0p1lf";2;0;-2
"2018-11-06";"1059823644484997120";"Interruptions will come. Planning to be ready for them is very helpful.  #homeschool https://t.co/YUCczuzehi";1;2;1
"2018-11-06";"1059823408794480640";"WORKSHEET. TI-Nspire Mini-Tutorial: Creating a histogram. This worksheet supports the TI-Nspire Mini-Tutorial video… https://t.co/0ySamxVPoO";0;1;1
"2018-11-06";"1059822879947345922";"10 Things Your Kids Need to Hear : https://t.co/yb8Jh2wwUA 'As parents, we love our children and  think they are th… https://t.co/FHWjKz14Dh";0;1;1
"2018-11-06";"1059822748841766913";"For graduates of the Homeschool Consistency Boot Camp, Homeschool Strong offers on-going accountability, conversati… https://t.co/QaOgMDbCao";0;1;1
"2018-11-06";"1059822743485640705";"Take a look at ideas for Chemistry experiments for every grade - 100 great ideas! https://t.co/ApOfqo2GmE… https://t.co/gvEqZNqGuj";0;1;1
"2018-11-06";"1059820440594628609";"@revjackashcraft She’s right.  Transition is hard but he’s great once he knows the “rules,” so to speak, and can ma… https://t.co/jvAOJTw6nO";1;2;1
"2018-11-06";"1059819340533587969";"hey so anyone wanna homeschool me for free cause i’m TIRED OF THIS SCHOOL <U+0001F920>";1;1;0
"2018-11-06";"1059819161193459718";"I'm guest posting today! Come on over and read about how to simplify your Thanksgiving holiday! Stop by the blog an… https://t.co/Tec6xrCyA5";0;1;1
"2018-11-06";"1059818406550138881";"Homeschool Humor https://t.co/WEZMoJY3q3 via @wordpressdotcom";0;1;1
"2018-11-06";"1059818197266915330";"@fiero20 Homeschooling, where religious zealots brainwash their kids and/or exclude them from being a functioning p… https://t.co/pBTcjgEHlv";1;0;-1
"2018-11-06";"1059818183954173954";"Clay Vessels In Progress - Homeschool 101 https://t.co/qw7yYdKyIM via @LisaQthinks https://t.co/xaWM4HLmpJ";0;1;1
"2018-11-06";"1059818166430371842";"Homeschooling For Black Liberation https://t.co/Lv8JPoqgbo by @BlackParenting1 #blacktwitter";0;1;1
"2018-11-06";"1059817957986091008";"Bicarb and vinegar rockets today at homeschool. I now smell like a chip shop.";1;1;0
"2018-11-06";"1059817026691256325";"Don't Miss These Special Homeschooling Events - https://t.co/8UVdxblfl9 https://t.co/VpbOcrvfhy";1;0;-1
"2018-11-06";"1059817022563983360";"The Fail-Proof Response for the Homeschooling Naysayers https://t.co/BnNwOdjfhe";1;0;-1
"2018-11-06";"1059816981489172482";"Andy and I agre listening to a podcast about fact checking, confirmation bias and professional journalism standards. Homeschool, ftw.";1;1;0
"2018-11-06";"1059815935178092544";"IF THIS DOESN'T MAKE YOU FINALLY HOMESCHOOL YOUR KIDS...I DON'T KNOW WHAT WILL! PROTECT YOUR KIDS PARENTS!… https://t.co/M1LeVzIddU";0;1;1
"2018-11-06";"1059815586895724544";"@emediaworld @gofundme @ViralExpNotify Pic of me (yes sorry I'm swelling up from retaining water thanks to blood cl… https://t.co/iRfQpt30dC";2;0;-2
"2018-11-06";"1059815429781315591";"Reminder: In addition to Republican House members like Barbara Comstock, there's a 100% pro-life, pro-gun, pro-spen… https://t.co/uGe7ts7iBg";0;1;1
"2018-11-06";"1059814183297007617";"Learning Ideas - Grades K-8: Pumpkin Fun https://t.co/B6VtEwVxEQ #education #homeschool #math #literacy #kids #teachers";0;1;1
"2018-11-06";"1059812706516131842";"@MicrosoftEDU Is there a way to sign up for O365 Homeschool Program?  Our two sons would love to work with Minecraf… https://t.co/1mh5XMYF33";0;2;2
"2018-11-06";"1059811980817645570";"\"Studying \"around the world\" can help you homeschool through the holidays without losing your mind.\"… https://t.co/Nf7KVux0yZ";1;0;-1
"2018-11-06";"1059811660263763968";"@AMike4761 @muchmoresalt Well, they already leave out massive chunks of important history, so I guess this is just… https://t.co/Z6GFp9gU6g";0;2;2
"2018-11-06";"1059811644858163200";"What's your biggest question (or struggle) with #homeschooling right NOW? I'm talking anything from \"I don't think… https://t.co/yUpHE4miGH";1;1;0
"2018-11-06";"1059811627934003201";"In the old days, bundling meant something different than it does today.  But with Amazon Whispersync, I feel like m… https://t.co/9IznMH0Rfw";0;1;1
"2018-11-06";"1059810160724590593";"@HansonOak As close as we can get between having to homeschool and work. But hey, it’s a great experience.";0;2;2
"2018-11-06";"1059809751217958913";"@TiffanyRae79 I like what charter schools do in weakening the establishment, but there is no real way to virtue apa… https://t.co/JTVLTe1yKx";1;2;1
"2018-11-06";"1059809481352187909";"Join Global #gtchat ( #gifted/#talented ) Powered by #TAGT @TXGifted this week for \"Benefits of Online Learning for… https://t.co/anJpAICS66";0;3;3
"2018-11-06";"1059809204662427655";"2 hour delays always make me regret not homeschooling.";2;0;-2
"2018-11-06";"1059809156851351552";"Just voted with these kids! So important - get out and vote!
.
.
.
#kids #govote #ivoted #homeschool #homeschooling… https://t.co/muRRWEGlaK";0;1;1
"2018-11-06";"1059808138449375233";"VIDEO: TI-Nspire CX Mini-Tutorial: Graphs of Inequalities with Sliders. In this TI-Nspire CX tutorial, the Graph Wi… https://t.co/ZS7nCHjKzz";1;0;-1
"2018-11-06";"1059807959524499457";"I don't think we are normalizing sleep deprivation or putting baby first (though let's be real, baby's survival is… https://t.co/oEcapZnUnq";0;1;1
"2018-11-06";"1059807927765254144";"Worried you won't have enough time to homeschool your kids? Here's how you can do it in just five hours a week! https://t.co/4A1R6Bz0PH";1;1;0
"2018-11-06";"1059807725339754499";"Is your homeschooling curriculum overwhelming you? You can take back control! Here's what to do when you have too m… https://t.co/X9aIrgbydC";1;0;-1
"2018-11-06";"1059807639343939590";"10 Enjoyable Math Crafts and Activities  #homeschool
 
“Don’t get me wrong, I admit there’s a certain beauty to the… https://t.co/2Y7cbmunBA";1;2;1
"2018-11-06";"1059807366907117568";"@kenbone18 No problem, just drive up to Chicago and vote again!";1;0;-1
"2018-11-06";"1059807180583505921";"Super thanks tita Kat tito Sydchris and baby soleil for the pasalubong. Ready na po kame for our art class <U+0001F60D><U+0001F60D><U+0001F60D> mwah… https://t.co/s5YuYNYn37";0;2;2
"2018-11-06";"1059805128168034304";"Interesting article about more children being home-schooled #inclusion #homeschooling #ASN https://t.co/Z6uprnRhgY";0;1;1
"2018-11-06";"1059803202252693505";"@TheBlackSchlr @Constantine2353 She was so remarkable. My grandkids were excited when we had a Harriet Tubman birth… https://t.co/lvc9DwiixU";0;2;2
"2018-11-06";"1059801080157081600";"This was one of best trips...to Dallas. And a great homeschool day! https://t.co/vsn1PDARcG";0;2;2
"2018-11-06";"1059800572805763076";"12 Positive Lessons to Teach Our Kids from Election Week https://t.co/A9CtncGhGP https://t.co/L9KqaaxsUM";0;1;1
"2018-11-06";"1059800441503039488";"20 FUNDA Physical Activities For FREE !! <U+0001F642>
https://t.co/rvwdxacaUa …

Get active and move with FUNDA using these Ph… https://t.co/e5kTu4ojFZ";0;1;1
"2018-11-06";"1059800061326966785";"Roadschooling is flexible and works well for all ages and learning abilities! #homeschool https://t.co/u8Suo5GVB7 via @wdcornelison";0;3;3
"2018-11-06";"1059798777115172864";"During the Thanksgiving season, do we really consider what we are thankful for on a deeper level? Take the free GRA… https://t.co/UZkhVf64F7";0;2;2
"2018-11-06";"1059798006181060608";"Spread the love, Tweeps. You don't have to be a #homeschool family to incorporate these activities into your kids'… https://t.co/iDCnSOtaqA";0;1;1
"2018-11-06";"1059797674453598208";"#Homeschooling is hard! We can become busy, distracted, and overwhelmed with all the things we need to do. But with… https://t.co/uSy2ZQHuAX";2;0;-2
"2018-11-06";"1059797439085862915";"Homeschool Crew Review: Kidzaw Master Kitz The Starry Night https://t.co/VzfxiVd1bm";0;1;1
"2018-11-06";"1059797064354164738";"How to Prepare Your Kids for Meaningful and Worthy Lives https://t.co/pd7zcldKw8 https://t.co/dkvcA6WVfS";0;2;2
"2018-11-06";"1059796943042428928";"Share this lovenote and celebrate! #MakeEveryDayAHoliday #LoveNotes #OnMyWalkWithGod  #amwriting #homeschool… https://t.co/7TFLwqM3Mi";0;1;1
"2018-11-06";"1059796312256856065";"Add a creative touch to your classroom with these cards! Daps &amp; Slaps: Numbers 0-50 will make learning numbers FUN… https://t.co/Iii7oiRZSN";0;2;2
"2018-11-06";"1059795329288146946";"Children grow up knowing that their heart's important for their bodies, but not all of them know how it actually wo… https://t.co/y1O9dnl0pu";0;1;1
"2018-11-06";"1059795291094814727";"Jack the Police Dog, a great demonstration of the skills needed to be a good police dog and handler.… https://t.co/oCPWwXXl5G";0;2;2
"2018-11-06";"1059795034596360192";"Whether you are just looking for a great set of books to read or you need books to add to your homeschool lessons,… https://t.co/7AZySZacnh";0;1;1
"2018-11-06";"1059794632970776576";"These studio ass kids is one of the reasons we Homeschool. Ugh, his parents should have raised him right so he did… https://t.co/78lmXroMN7";1;1;0
"2018-11-06";"1059794541132333062";"Are you looking for a great way to include classic, living kids' books in your #homeschool? This post has over 100… https://t.co/Rw5kHlSvUt";0;2;2
"2018-11-06";"1059793857808867329";"Colouring Place: Colouring pencils and eraser (colouring page) #free #colouring #coloring #kids #homeschool https://t.co/L78eE3lTy3";0;1;1
"2018-11-06";"1059793482716450816";"A BJU Press Homeschool Distance Learning course is a life-saver for parents and a means of independent learning for… https://t.co/sTs8pFtYnN";0;1;1
"2018-11-06";"1059792884176748544";"Why Happy Homeschool Moms Are Planners - https://t.co/YYEh4Y1aOd #ihsnet https://t.co/zO4lgCltME";0;1;1
"2018-11-06";"1059792854636208128";"@CatholicDrinkie @elizabethfoss I’d be happy to let him sit in on our American Government class at homeschool co-op… https://t.co/OdxsBBHlal";0;1;1
"2018-11-06";"1059792407053635584";"My niece is taking her first big test today and she’s so nervous <U+0001F629> I hated those days I wish I can homeschool her";2;0;-2
"2018-11-06";"1059792329433858049";"FREE Children's Breathing Exercises for teachers, parents, childminders and homeschool educators. <U+0001F9E0><U+0001F331>

Download your… https://t.co/2yuGDIpKSM";0;1;1
"2018-11-06";"1059792139054473216";"Homeschool Crew Review: Kidzaw Master Kitz The Starry Night @HomeschoolCrew @kidzaw #hsreviews #art #homeschoolart… https://t.co/bf7O49Zs7B";0;1;1
"2018-11-06";"1059791643841323008";"Take advantage of today's learning opportunities with your kids. Here are 14 Exciting Election Learning Activities!… https://t.co/8lnfuY8Vyb";0;2;2
"2018-11-06";"1059791540439138304";"Homeschool Planning at Hodgepodge
A round up of all my helpful habits on homeschool planning at Hodgepodge!… https://t.co/yyRkqRyLsv";0;1;1
"2018-11-06";"1059791334943408129";"My homeschooled baby gets the best of both worlds. Tailored education &amp; the time to develop her passion to be a… https://t.co/icYSxyIHlS";0;2;2
"2018-11-06";"1059790629910315009";"#Congratulations to Lia, our Student Of The Month for October! <U+2728><U+0001F389><U+0001F388><U+0001F3B5><U+0001F3B6><U+0001F44F><U+0001F604><U+0001F44D> 
Lia in Angola, Africa, takes Skype #guitar… https://t.co/zC20IhbJuZ";0;1;1
"2018-11-06";"1059789998248153088";"One of the dreaded grammar concepts to teach and master is when to use who vs. whom. Free worksheet to help… https://t.co/PIoTfcKswX";0;2;2
"2018-11-06";"1059789557665800199";"22 November Holidays to Celebrate in Your Homeschool! https://t.co/MYmaoNzwLg";0;1;1
"2018-11-06";"1059787436782481408";"Wow! We had a 20 hour day yesterday doing a Boston trip with 140 other Homeschoolers. We live Maine so it was a lon… https://t.co/1XUPFwx4lS";0;1;1
"2018-11-06";"1059787177750683649";"Homeschool lunch time and I pop on here, my teen - \"I thought you had lots of work to do, you won't get it done nos… https://t.co/YibslyL63g";0;1;1
"2018-11-06";"1059785988048896000";"Fun #Thanksgiving #craft ideas! https://t.co/67Hqk9cq86 #homeschooling https://t.co/SVtRMRJYc4";0;1;1
"2018-11-06";"1059785437043179520";"Join a safe \"facebook-like\" community just for homeschooling famlies! It's growing strong and it's free! Go to https://t.co/Y0NqPBdITJ";0;4;4
"2018-11-06";"1059783061229846528";"Great for Sunday School Teachers, Homeschoolers and Parents. Visit us at TPT https://t.co/I5veWxYMfq   OR Amazon… https://t.co/S0PEO0OO89";0;1;1
"2018-11-06";"1059781751453691909";"\"But, there are a few things that we've done that make this much easier.\" https://t.co/0tJ3q5H06W #Highschool… https://t.co/cHlRD9Cfrj";0;1;1
"2018-11-06";"1059780094896627712";"Encourage kids to learn at home with Exemplar Education. #education #homeed #homeschool https://t.co/jSE8TjTG10 https://t.co/9IReEG2R9s";0;2;2
"2018-11-06";"1059778578362101760";"Let me guess,  #Maryland #homeschool moms. You've got a civics field trip planned for today, right?";0;1;1
"2018-11-06";"1059777602284675072";"It's Election Day - Remember to cast your vote and elect representatives that will protect our freedom!… https://t.co/vlJxNrIGI7";0;2;2
"2018-11-06";"1059777529102430208";"Super Simple Thanksgiving Craft ideas for you to do with your Kids! https://t.co/mhwIVUl6tc #homeschooling… https://t.co/8z1crOa8wb";0;1;1
"2018-11-06";"1059777450396200960";"What about homeschooling makes you most thankful?

For me, it was the opportunity to get to know my children in a w… https://t.co/wUk5drr5gR";0;1;1
"2018-11-06";"1059777438891163648";"#Homeschooling and #PottyTraining at the same time? It's a tough job but someone's gotta do it! https://t.co/Y93tZn3nMF";0;1;1
"2018-11-06";"1059776498490597377";"Ministry of Education - Science and Culture: Sign to Support Freedom of Education and Homeschooling in Iceland! - S… https://t.co/0zqisFA0wx";0;2;2
"2018-11-06";"1059775847387803648";"You can also vote for Forked  Deer Homeschool Parade by listening to their CD \"With all due respect, Baseball.\" on… https://t.co/AbFUMxiST9";0;1;1
"2018-11-06";"1059774944899424257";"Mission Catastrophe! Creative writing with DS12 using the free youngwriterscw resources <U+0001F60A>
.
.
#100daysofhomeed… https://t.co/xy3oFzsHB2";1;2;1
"2018-11-06";"1059774634072162305";"Mission Catastrophe! Creative writing with DS12 using the free youngwriterscw resources <U+0001F60A>
.
.
#100daysofhomeed… https://t.co/OWooPhD3kr";1;2;1
"2018-11-06";"1059773821182509056";"Atlas and I getting our nests ready for Kevin <U+0001F36A>

#homeschool #illustration @jabberworks @philipreeve1 #dartmoor… https://t.co/0jxnXmYGT1";0;1;1
"2018-11-06";"1059772641366687744";"I really want it to be planned and controlled.. My other fear is finding a partner who won't share the same sentime… https://t.co/6XkMQqzg1o";1;0;-1
"2018-11-06";"1059770620504879104";"homeschooling is fucking great and all, but im never gonna get to go to homecoming or prom and honestly that hurts a bit";2;1;-1
"2018-11-06";"1059770618768371712";"It's #coffee o'clock
Good Morning #goodmorning #gm #blogger #blogsite #blog #blogsite website #podcast #podcaster… https://t.co/iZGqIavPgK";0;1;1
"2018-11-06";"1059769808860995585";"Just can't get over how cute these were! I wanted to take them all home. <U+2764><U+FE0F> #waynethiebaud inspired #mixedmedia… https://t.co/tsUHZS1PiS";0;1;1
"2018-11-06";"1059768859702505474";"#Iceland’s primary school system is rapidly deteriorating. A third of Iceland’s young men are illiterate after ten… https://t.co/1O6PoylmiQ";2;0;-2
"2018-11-06";"1059767750678130689";"5 colorful rubber ducks - Teach Colors - Video for Kids Babies children https://t.co/smoKY7WExL #forchildren… https://t.co/2bSQAgXd8N";0;1;1
"2018-11-06";"1059767609577627648";"@omi_tariah That's sad. Old-school homeschool methods taught social interaction/etiquette. But people don't know be… https://t.co/KPLSPdagjV";1;0;-1
"2018-11-06";"1059767405063426049";"I added a video to a @YouTube playlist https://t.co/VgCiYQqpTZ #Anxiety Care, #Momhood &amp; Beyond! | #Homeschooling #WAHM &amp; Finding Time";1;0;-1
"2018-11-06";"1059763209803046912";"This site/game is really cool and has my two wanting to do loads of maths, can set it to their year and its free <U+0001F600>… https://t.co/fsnZxF6V3T";0;2;2
"2018-11-06";"1059758328153366529";"6 Creative Ways to Homeschool While Continuing to Work https://t.co/YTgyCJqgPc";0;2;2
"2018-11-06";"1059756884230574081";"I’ve been an EFL teacher for 20 years now. I used to teach American history with great enthusiasm. Electing vile mo… https://t.co/QFUIPcPgZ8";1;2;1
"2018-11-06";"1059755254122774529";"@VodafoneUK @AmazonUK I would treat my lovely kids we homeschool and they have been working extra hard :) #TuesdayTreats!";1;1;0
"2018-11-06";"1059749174646882304";"This is what home education looks like #homeschooling #unschooling #letkidsbekids https://t.co/Pg4M3eXghh";0;1;1
"2018-11-06";"1059748720730824705";"@MrEugeneGrant In a related vein, most of us choose not to see the insidious relationship between racism/white supr… https://t.co/uePyMe9HPG";2;0;-2
"2018-11-06";"1059744228501348352";"@Spacebunny21 @F1000pounds Which seems to confirm that sunday school and christian homeschooling are not a suitable… https://t.co/V8ZXr3sffl";0;1;1
"2018-11-06";"1059741662661038080";"The Truth About Homeschool Moms | Bright Ideas Press https://t.co/J1n280RxwH";0;1;1
"2018-11-06";"1059731438625386496";"7 perks #homeschooling #parents enjoy - they don't want you to know! https://t.co/zjlDq8a620 #homeschoolsecrets… https://t.co/mXM92cpoMn";0;1;1
"2018-11-06";"1059729859679797248";"Do You Know the Secret of a Successful Homeschool? https://t.co/Cbh554Slqe https://t.co/S6o5TpAZu8";0;1;1
"2018-11-06";"1059724612542570496";"The Fail-Proof Response for the Homeschooling Naysayers #UnSchool https://t.co/64IK5oLgxD";1;0;-1
"2018-11-06";"1059721049242128384";"@jeonginline Ah no i wish homeschooling is more flexible but with online school there are still classes and checkpo… https://t.co/tekJUGPEtS";0;1;1
"2018-11-06";"1059720504569847808";"@28896z is it like homeschooling but you do online courses?? :0";0;1;1
"2018-11-06";"1059720151787077633";"Thankful for the relationships and politics homeschooling has gotten use into.

https://t.co/SNvB33SDdU… https://t.co/ZMIKx5HtVj";0;1;1
"2018-11-06";"1059718731708940288";"@ThoughtsCamera you homeschool while doing these documentaries??? <U+0001F616> r u like a freakin’ octopus or super rich with a nanny??";0;3;3
"2018-11-06";"1059718469493485568";"The world has disappointed me on the whole more than going to the garbage dump for a private christian homeschool g… https://t.co/BKcZihTtxp";3;0;-3
"2018-11-06";"1059717298208927744";"@nfergus Homeschooling will be the only sane answer.";0;1;1
"2018-11-06";"1059716807563587584";"https://t.co/YEdDY8fxn6 

teaching and then eating chicken soup
is the best homeschooling lesson for a wintry day https://t.co/msNSQ9azja";0;1;1
"2018-11-06";"1059712433881669632";"@haleymmorales Homeschool rlly helped my mental health! Cheers to a fresh start<U+0001F970><U+0001F495>";0;2;2
"2018-11-06";"1059708999279542273";"@kinga812 @cindy7725 @Deirdre10025Rad @swimmer305 @habarric @DennisDMZ well your government decided to spend some o… https://t.co/ie8JoNAWJv";0;1;1
"2018-11-06";"1059707497424908288";"@squaresails Hell yeah!  That and homeschooling would be my full time thing!";1;0;-1
"2018-11-06";"1059706888743477248";"Something to think about when using a local business to source your private tutors rather than a bug online company… https://t.co/RCq0lfyzJ6";1;0;-1
"2018-11-06";"1059705769208111104";"Excellent Homeschooling Advice For Success In Teaching Your Child - https://t.co/L8qkCR4AaV - https://t.co/G05lZb1T5h";0;2;2
"2018-11-06";"1059704972147867648";"@Trisha_the_doc know a few who homeschool cause they didn’t feel school took care of their t1 properly";0;1;1
"2018-11-06";"1059703354924957696";"I liked a @YouTube video https://t.co/cSSZ5laoIE what's on our iPad | our homeschool journey...";0;1;1
"2018-11-06";"1059702083098677248";"Recycle those crayons - Gorgeous Rainbow Candles DIY STEAM Project For Kids https://t.co/sDcPnVXEfe #homeschooling… https://t.co/etfZaQHK42";0;1;1
"2018-11-06";"1059700900271276033";"Still trying to articulate why I ultimately decided to #homeschool my kids in a concise way. Besr one I have so far… https://t.co/xmQP52ELZS";0;2;2
"2018-11-06";"1059689088444448768";"10 Simple Ways to Make Winter Memorable for Your Preschooler https://t.co/2cYjtj0Ppq https://t.co/ezIGPCUHms";0;1;1
"2018-11-06";"1059686937534050304";"5 Reasons We #Homeschool 
5 Reasons Why We Homeschool
One of the most popular questions we get is why #momblogger https://t.co/oGmXFQ7mYK";0;1;1
"2018-11-06";"1059681275982872576";"I liked a @YouTube video https://t.co/ODwutA7fQ3 School Days – Homeschooling!";0;1;1
"2018-11-06";"1059676973629198336";"@RealSaavedra @dbongino Kyrsten Sinema, I am glad my parents left the Democratic Party a long time ago. I hope your… https://t.co/2B4F4Shw85";0;1;1
"2018-11-06";"1059676122294607872";"@7414C @txjean2014 Homeschool my friend. It can be amazing!";0;1;1
"2018-11-06";"1059675428049305600";"How to kill your child's love of learning. #unschooling #homeschooling https://t.co/AU6navqrZD";1;1;0
"2018-11-06";"1059673266661572610";"We make #learning fun for our #homeschool students and ALL students who come to our #studio #lessons… https://t.co/G9Ni2DGiE2";0;1;1
"2018-11-06";"1059673231362162688";"How to Organize Your Homeschool for Summer Break https://t.co/6tyi7093M0 #homeschooling";1;0;-1
"2018-11-06";"1059672033309704193";"Why Happy Homeshool Moms Are Planners - https://t.co/rUWjQnDmex #hsradionetwork #homeschool https://t.co/vyAK7BfqCL";0;1;1
"2018-11-06";"1059671786776801280";"Homeschooling For Black Liberation - https://t.co/qcklTwcFKN #BlackTwitter #BlackLivesMatter https://t.co/Q2SuP3hTG8";0;1;1
"2018-11-06";"1059671738672394241";"Worried you won't have enough time to homeschool your kids? Here's how you can do it in just five hours a week!… https://t.co/Euq2GZk0A6";1;1;0
"2018-11-06";"1059671599580798976";"Welcome to the 2nd semester to all Grade 12 Students! Handa ka na ba sa upcoming \"WORK IMMERSION\" that would lead t… https://t.co/DHnfAW9lyi";0;3;3
"2018-11-06";"1059671091931684866";"Why Happy Homeschool Moms Are Planners 
Are you a happy planner? You could be! https://t.co/4vXfVwoGk0";0;2;2
"2018-11-06";"1059671078828720129";"Why Happy Homeschool Moms Are Planners - https://t.co/YYEh4Y1aOd #ihsnet https://t.co/NZx9lf2V4Y";0;1;1
"2018-11-06";"1059669560410992640";"I need a Charlotte mason work book. A how to guide. You know- a book to teach me how to teach <U+0001F602><U+0001F44D><U+0001F3FB> #homeschool #preprek";0;1;1
"2018-11-06";"1059668787606237184";"This world is going to force me to homeschool my child and never let her see the outside. Ugh. https://t.co/Y1bvYzMyMU";1;0;-1
"2018-11-06";"1059666920486694912";"@brylamb @DennisDMZ Homeschool. The schools suck more the more money you throw at them. It cost $600/year to homesc… https://t.co/GB1UsooAou";1;0;-1
"2018-11-06";"1059666348085780482";"Do you have  Special Needs or Struggling Learner? Please join us Survive &amp; Thrive (S.A.T.) Special Needs Homeschool… https://t.co/ueeJpkOKPv";1;1;0
"2018-11-06";"1059664980759494656";"I don't #homeschool any more. But it was a very productive and fun year. And so, this! https://t.co/8rHV4UHkMA";0;2;2
"2018-11-06";"1059663929901633537";"We had such a fun time getting up close and personal with the animals @ReidParkZoo! https://t.co/uCwtCrDh7e… https://t.co/YPsNUJOxJ2";0;1;1
"2018-11-06";"1059662151663656960";"Day 1 of #nanowrimo2018 project with the boys was a hit! Great discussion and a few insightful questions. \"How do p… https://t.co/Xj7B2wKpb8";0;2;2
"2018-11-06";"1059661133412515840";"This Homeschool Kid Fit gang ROCKS! 
I absolutely LOVE these kiddos! 
#bestdayeva #missloriskidz — at Sportsite Hea… https://t.co/wOIEfZhleZ";0;1;1
"2018-11-06";"1059660714523193345";"@jenellousofwhat And I got backlash for saying she is not qualified to homeschool... Should have kept that to “theirselves”";0;1;1
"2018-11-06";"1059660397576445952";"Fun Fall Slime for Kids - https://t.co/yzFWnDgw0C";2;1;-1
"2018-11-06";"1059659907383750658";"@brylamb @DennisDMZ SUPPORT EDUCATION. #homeschool worked for my family.";0;2;2
"2018-11-06";"1059659543007776768";"@JessieMattis I homeschool as well, 2 girls and 2 boys.  Hang in there...as they get a little older you'll see the… https://t.co/DAP5g6qqcd";1;1;0
"2018-11-06";"1059658465365422080";"@douglaswils Mr. Wilson, thank you for boldness for Christ. You may not have time to answer my questions, but if yo… https://t.co/aqBQ6vFFO4";0;1;1
"2018-11-06";"1059658431190069248";"Tucker and I talked about a lot of really important future stuff today, like jobs and homeschooling and vacations a… https://t.co/WZW56fSH0L";0;2;2
"2018-11-06";"1059657991929106432";"Nigga would hit on Miley like “so wyd after homeschool” https://t.co/tnNc8ZC7GN";0;1;1
"2018-11-06";"1059657450356260864";"@AdamShauberger It’s complete garbage. The only solution is to make our own affordable all white private schools. A… https://t.co/CETvLhjRQG";1;1;0
"2018-11-06";"1059654606945505281";"Alijah have a whole week off of school I’m not making him go Wednesday <U+0001F937><U+0001F3FD><U+200D><U+2640><U+FE0F> and he didn’t go today fuck it lol #homeschool";1;0;-1
"2018-11-06";"1059654029373005824";"@LarryOw52226826 @IGiveYouABear @mishacollins We lived on an island in Alaska for a great part of that time (milita… https://t.co/gIGLxz944e";0;1;1
"2018-11-06";"1059653061155667970";"Shhh. Don’t tell them we’re on fall break. <U+0001F642> <U+0001F341> <U+0001F4D6> #homeschooling #learningneverstops https://t.co/2NC7cyQgzX";2;0;-2
"2018-11-06";"1059652900127948800";"Started writing a rough draft for a review of a Christmas Unit Study from Homeschool Complete. I love the variety o… https://t.co/bBQgtL32in";1;2;1
"2018-11-06";"1059652489539026946";"Light controversial topics with Alexis! Every Wednesday a new workshop in LC5 @ 1:10. Tomorrow we'll talk about iss… https://t.co/cgIIN8EE1X";1;0;-1
"2018-11-06";"1059652288019603456";"It's never too early to start saving on homeschooling deals! Sign-up today - it's free! https://t.co/8tSGcfTKUE";0;1;1
"2018-11-06";"1059652136605229056";"@SheilaGunnReid So Sheila...if you guys are all about homeschooling, who's the lucky ones training to be scientists… https://t.co/jra97xLypn";0;1;1
"2018-11-06";"1059651731330609153";"Nephew started his first day of homeschool. He scored 3 <U+0001F4AF>s and a 90. He did house work and went to play baseball. His team lost";1;1;0
"2018-11-06";"1059651466095456258";"Thankful for the Relationships Homeschooling Builds - https://t.co/kUztqJgbos via @Shareaholic";0;1;1
"2018-11-06";"1059649784116580352";"Homeschool skate this Wed! First Wed of the month. FREE rentals with paid admission! https://t.co/0RiV1wYkr3";0;1;1
"2018-11-06";"1059649748033028096";"College is basically homeschooling most of the time. If you have a bad professor who doesn't teach then you are pre… https://t.co/6tOoP0KD7v";1;0;-1
"2018-11-06";"1059649721533390848";"37 Experts Share on the Pros and Cons of #Homeschooling https://t.co/WDDfClb0eF";1;1;0
"2018-11-06";"1059647286668656640";"My kid will definitely be smarter than mommy and daddy!! He says he wants to be a fireman and Dr. Sales like daddy… https://t.co/Ho6ziMDV1k";0;2;2
"2018-11-06";"1059646800330743813";"The Potter and The Clay Free Bible Lesson for Kids - Children's Church, Homeschool, Sunday School, F https://t.co/BAW4NoRzm2";0;1;1
"2018-11-06";"1059645304704786433";"I don't know about you, but as a homeschool family, we use our printer daily! I've got my eye on this amazing Amazo… https://t.co/Tt01vYNvXi";0;1;1
"2018-11-06";"1059645264649183232";"Is homeschooling a better option Sheikh Assim Al Hakeem: https://t.co/AEEWbjNQD2 via @YouTube";0;1;1
"2018-11-06";"1059644731024564224";"@JessieMattis It's tough but you'll get through it mama! I'm homeschooling three strong willed children (twin 13 ye… https://t.co/nloUp3Wu4y";0;2;2
"2018-11-06";"1059643286284091392";"Fuel their passion for the game - Baseball Resources at the Library of Congress is a guide to baseball-related mate… https://t.co/8h9MltDjI9";0;1;1
"2018-11-06";"1059642065481555969";"@tintowncoy Ok here’s the thing homeschooling is great because you don’t have to deal with fights, other traumatic… https://t.co/Nbl7QygL8E";1;1;0
"2018-11-06";"1059641659301003264";"WORKSHEET. TI-Nspire Mini-Tutorial: Composite Functions, Linear to Polynomial. This worksheet supports the TI-Nspir… https://t.co/YzOhlqw6Io";0;1;1
"2018-11-06";"1059641461065609216";"I liked a @YouTube video https://t.co/Fau41H7FAc The BEST Homeschool Advice I Could Give &amp; How My Day ACTUALLY Went... | HOMESCHOOL";0;2;2
"2018-11-06";"1059639560752242688";"ITALKI – MY NEW FAVORITE!  https://t.co/b9jFVTN6Zj   #languagelearning #homeschool https://t.co/4iMT5nzm4J";0;1;1
"2018-11-06";"1059639065518268416";"@VOTEINNOVEMBER1 I have no empirical evidence but I was a homeschool mom in Pa for about a decade. I suspect that t… https://t.co/Fl9VPfT0U6";1;0;-1
"2018-11-06";"1059638812240998400";"@sven379 @eleanor2600 @JackLeeRoberts @trngchief11 @old_osc @NavyCaptRet63XX @DNC @dccc You may not be far enough i… https://t.co/7wkSYz12Ws";0;1;1
"2018-11-06";"1059637737987411968";"@ElectBillDotson You do realize that the homeschooling community in Charles County is mostly supporting you over your opponent, right?";1;2;1
"2018-11-06";"1059637223946108928";"my mom fucking excepts me to move out right now cause of my age or whatever but it's not my fault i was put in home… https://t.co/rpDIsETjee";2;1;-1
"2018-11-06";"1059636866780200960";"getting a job is all im focusing on rn, bc the minute i get a job it’s homeschooling and votec for me. fast track to, hopefully, success!!";0;2;2
"2018-11-06";"1059636506418122752";"WORKSHEET. TI-Nspire Mini-Tutorial: (CAS) Adding and subtracting rational expressions. This worksheet supports the… https://t.co/ohgKo14o2B";0;2;2
"2018-11-06";"1059635889285066752";"Fun Reading &amp; Math Skills #Giveaway #homeschool https://t.co/FpUtG0Gn93";0;1;1
"2018-11-06";"1059634987228643329";"This means that the candidate needs to make it known publicly what they support, example: their position on mass in… https://t.co/5PrpFLVpMF";0;1;1
"2018-11-06";"1059634607543468032";"everyone else has school off tomorrow except me thank you homeschool very cool";0;2;2
"2018-11-06";"1059634488186204160";"Time to start shopping for the holidays! You can get toys for the kiddos that are fun AND educational. (GASP!) For… https://t.co/qw0RFi2ejv";1;1;0
"2018-11-06";"1059633483692281856";"Learning Ideas - Grades K-8: 7 Free Autumn Math &amp; Literacy Worksheets https://t.co/z16mx9hpmP #free #education… https://t.co/2Fdml92AkC";0;2;2
"2018-11-06";"1059633209879740416";"Learning Ideas - Grades K-8: BOOM Learning Free Digital Task Cards - https://t.co/Uq1sKU6En7 #kindergarten #literacy #education #homeschool";0;2;2
"2018-11-06";"1059632937442951173";"I know that it can feel impossible to homeschool a foreign language. But, in all my experience as a language teache… https://t.co/7lnUtovQ0C";1;0;-1
"2018-11-06";"1059632731930398722";"Free Christmas Worksheets and Craft Ideas for Kids... https://t.co/uXxvKrJTRI #free #worksheets #printables… https://t.co/IDxC2Ftoos";0;2;2
"2018-11-06";"1059632608403996672";"I love the way art brings history to life for kids. #art #homeschool #edchat #unschool #socialstudie https://t.co/5vaYjHGfdr";0;1;1
"2018-11-06";"1059632365004341248";"Free Fractions Digital Task Cards at Boom Learning... https://t.co/F5lnaoLajC #free #math #homeschool #education #edtech";0;3;3
"2018-11-06";"1059632087844749312";"K-8: Free Telling Time Digital Task Cards https://t.co/hbleHsLLVn #education #homeschool #free #math #kids";0;2;2
"2018-11-06";"1059631998464073728";"I use the library heavily.  By heavily, I mean that my local branch told me that I am their best customer.  It is n… https://t.co/VCl7HatMj4";0;1;1
"2018-11-06";"1059631822118641664";"@ebruenig There is a whole cottage industry for evangelicals that’s all about the correct way to beat your children… https://t.co/8n9RmZ7URC";0;1;1
"2018-11-06";"1059631474524241920";"VIDEO: Algebra Applications: Inequalities. Two real-world explorations: An examination of the equations and inequal… https://t.co/Ml85VVzDcX";1;0;-1
"2018-11-06";"1059630457187393537";"Me: What's *not* awesome about homeschooling?
My kids (both): Stereotypes. People think some *crazy* stuff that jus… https://t.co/0MD2xF89tO";1;1;0
"2018-11-06";"1059630150374080513";"@haleymmorales i know your whole experience with public school hasn’t been great. but i did homeschool for one year… https://t.co/B2oS8yUI0w";0;1;1
"2018-11-06";"1059629864574169088";"Great Blog Series! Today’s post is a great reminder for every #homeschoolmom #homeschooling https://t.co/JxOuRNZsUu";0;2;2
"2018-11-06";"1059628511919452161";"@thatsmy0pinion homeschooling can be sooo beneficial in different ways! i wanted to be bc i was severely bullied in… https://t.co/Pbb84i2xEL";0;1;1
"2018-11-06";"1059628435411271687";"100 of the Best LIfe Learning Tips to Inspire Your Homeschool https://t.co/EvyuLhym46";0;2;2
"2018-11-06";"1059628359678914562";"I may homeschool my littles but I sure do LOVE Marching season with my oldest!!  #happilydetoured… https://t.co/ny3Q8YBqVL";0;1;1
"2018-11-06";"1059627902675939334";"Thirty Days of Thankful Worksheet Printable https://t.co/6omMIxcOxH via @GeezGwen #homeschool #homeschooling… https://t.co/cgChsQ52rR";0;1;1
"2018-11-06";"1059627783310196736";"&lt;3 So many fantastic resources: 100 resources to help you grow you faith as a homeschooling mom! #ihsnet… https://t.co/tRWsTPFR7D";0;2;2
"2018-11-06";"1059627639823126528";"@coocoocaca It makes me sad! Homeschooling can be so great! My brother &amp; I were both homeschooled. Having moved a l… https://t.co/smAAgED6GM";1;1;0
"2018-11-06";"1059626512834420736";"Ready to get your little ones reading? This simple kindergarten homeschool reading list features early readers kids… https://t.co/rfpSsLX09w";0;1;1
"2018-11-06";"1059626458740592640";"Have you considered homeschooling to escape school bullying? https://t.co/NatvIK7Jlw #ihsnet #homeschooling… https://t.co/oIf6CdwcAt";1;0;-1
"2018-11-06";"1059625873786200065";"@Talk_To_The_Hat @theOnlyOWP Haha no, I'm considering homeschooling, and I definitely think I'm crazy for it <U+0001F61B> we'r… https://t.co/TO1TXnvsQW";1;0;-1
"2018-11-06";"1059624978759516160";"Get ready for #VeteransDay with our Don't Forget, God Bless Our Troops by Jill Biden #InteractiveNotebook Activitie… https://t.co/wACcIhPbEK";0;2;2
"2018-11-06";"1059624580678066178";"Until we teach our kids how to be lifelong learners and inspire them to learn for themselves, we haven't accomplish… https://t.co/aTkKnrzaYI";0;2;2
"2018-11-06";"1059624420665421824";"@ryanscotthall Not at all for us because we homeschool, prior to that it was somewhat important. We're more of a un… https://t.co/FwCNxwucoI";0;1;1
"2018-11-06";"1059624110383337472";"@MaleOutlook @Evangelic4Trump Homeschooling my son too. Best choice I’ve made in years.";0;1;1
"2018-11-06";"1059624026316963840";"Just Pinned to Homeschool Social Studies: Free printable Ancient Egypt Board Game - #gameschooling #ancientegypt… https://t.co/S4TMnIRwIt";0;1;1
"2018-11-06";"1059623009621659649";"Homeschooling Gifted Kids: A Practical Guide to Educate and Motivate Advanced Learners https://t.co/l1CeAtSgMM";0;2;2
"2018-11-06";"1059622962981203969";"Homeschool Social Studies: Free printable Ancient Egypt Board Game - #gameschooling #ancientegypt #worldhistory… https://t.co/kUQHVIofmk";0;1;1
"2018-11-06";"1059622685796257792";"I liked a @YouTube video https://t.co/izhg9FJkzu NEW HOMESCHOOL GRAMMAR AND SPELLING CURRICULUM";0;1;1
"2018-11-06";"1059622683434983431";"Where do you like to read aloud? 
Make storytime an event with a creative read aloud location!… https://t.co/bE02AKQFhW";0;2;2
"2018-11-06";"1059622328257183744";"@TaylorSwift &amp; #JimCarrey: Some early history of the #Progressive #SocialDarwinist Democrats you support #trump… https://t.co/zX2Y4wm3QY";0;3;3
"2018-11-06";"1059622202818129921";"@TaylorSwift &amp; #JimCarrey: Some early history of the #Progressive #SocialDarwinist Democrats you support #trump… https://t.co/6Wgm5KJmox";0;3;3
"2018-11-06";"1059621608678191104";"@__its_justine__ @ClaytonSnyder2 Along with that, I'm doing some transcription jobs for extra savings. And of cours… https://t.co/zBoaTo2cZB";0;1;1
"2018-11-06";"1059621409838768128";"VIDEO: Algebra Applications: Rational Functions. Explore various scenarios that can be explained through the use of… https://t.co/2mE2pbD03O";0;1;1
"2018-11-06";"1059620484571119616";"Remember to vote tomorrow! The mid-term elections are critical for our state and the protection of our homeschoolin… https://t.co/KRgjrKRJf5";1;1;0
"2018-11-06";"1059620370133774336";"Want to introduce your #homeschool #teen to SMART goals? Let them join Coach Karen @outschool https://t.co/YoGxZB8QUP";0;1;1
"2018-11-06";"1059619743064317953";"Just Pinned to Homeschooling 101: Is My Child a Reluctant Learner? | Homeschool Gameschool https://t.co/6Dkn6kbhtV https://t.co/CRMlmS0kE6";1;0;-1
"2018-11-06";"1059619140804198402";"https://t.co/H5B1r76i12 easy ways to socialize your children";0;1;1
"2018-11-06";"1059618756555694080";"@TaylorSwift &amp; #JimCarrey: True Nature of duplicitous Progressive Social Darwinist Democrats you support #Trump… https://t.co/hMjvjgC8XX";0;3;3
"2018-11-06";"1059618182443552768";"@TOSMag My Homeschool Hub is brand new- so we're in a ramp up period to fill it up. We would love to have TOS liste… https://t.co/CnGQol6IQ6";0;1;1
"2018-11-06";"1059617912946876416";"@IMomalogues @Talk_To_The_Hat That's why I made the distinction of science denier fundies. I actually have a bunch… https://t.co/XeTVHumZYk";0;1;1
"2018-11-06";"1059617444027883521";"MARCHING AROUND MY \"JERICHO\": LEARNING TO MARCH IN QUIET OBEDIENCE -- One night as I sat for some Bible reading tim… https://t.co/O3xxOR9yCR";0;1;1
"2018-11-06";"1059616385297465344";"WORKSHEET. TI-Nspire Mini-Tutorial: Graphing a linear function. This worksheet supports the TI-Nspire Mini-Tutorial… https://t.co/0cWoELOmiT";0;1;1
"2018-11-06";"1059615896526880774";"What a beautiful homeschool space! I would love to learn here! https://t.co/ixyw8Nrkh5";0;2;2
"2018-11-06";"1059614915999264770";"In case you missed it, check out \"HSP 069 Jennifer Brockman: Homeschooling a Child with Down Syndrome\"… https://t.co/tbv8t8vCED";2;0;-2
"2018-11-06";"1059614713691148288";"Just Pinned to Homeschooling 101: Are you overwhelmed and frustrated in your homeschool?  Maybe you are just starti… https://t.co/07eGCyCHzH";2;0;-2
"2018-11-06";"1059614705721974785";"@TaylorSwift &amp; #JimCarrey: True Nature of duplicitous Progressive Social Darwinist Democrats you support #Trump… https://t.co/4IQ8pgqSC2";0;3;3
"2018-11-06";"1059614119244886016";"@greenwichdeb @TuckerCarlson @seanhannity @Trumpertarian Long have we supported homeschooling and Charter schools";0;1;1
"2018-11-06";"1059613200490983424";"@MontereyAq I already voted! Got my CA absentee ballot all filled out and in! 

My minions and I will be at the aqu… https://t.co/DUmFLeTCGh";1;0;-1
"2018-11-06";"1059612612609093632";"Let's get organized with writing maps!
Visit the blog for more info on these great printable resources.
 <U+0001F449>… https://t.co/6sO7L7Obhd";0;1;1
"2018-11-06";"1059611966761779200";"So thankful for the great foundation in BJU Press Homeschool Materials. Read how our daughter faced the Biology Cha… https://t.co/3Yl7kIgKSK";0;2;2
"2018-11-06";"1059611939234631680";"Public schools and colleges ARE indoctrination centers. If you dont homeschool...you better be training your childr… https://t.co/ZOQIqXG0E8";1;1;0
"2018-11-06";"1059611361481842693";"Homeschool Helps Monday!  This past Saturday at the NCHE Summit for Teaching Exceptional Children, I talked to seve… https://t.co/Ifyg7tccx1";0;1;1
"2018-11-06";"1059611322382454787";"Enter our November Challenge for a chance to WIN a #36U Winter Care Package!!

Check our blog post for the expected… https://t.co/oovx7iXWJ9";0;1;1
"2018-11-06";"1059611153406451713";"Studyladder's 9 subject areas have over 12,000 activities

We make #homeschooling easier for #Homeschool parents https://t.co/92XOgjIg43";0;1;1
"2018-11-06";"1059610991913287680";"Just Pinned to Homeschooling 101: Are you looking for a super cool science to use with your junior high/high school… https://t.co/8yMwFep3Md";0;2;2
"2018-11-06";"1059610910140952576";"@lovetolerk Yeah me too but then again I could see her homeschooling them and insisting that it was better";0;1;1
"2018-11-06";"1059610359026409472";"Homeschool day was so fun!! First time she went she wasn't brave enough to try the static generator.  But today she… https://t.co/h6tr5NxJmI";1;3;2
"2018-11-06";"1059609600159309824";"@haleymmorales homeschool sucks just to let you know";1;0;-1
"2018-11-06";"1059608227388837889";"Tomorrow is Election Day and Veterans Day is next week. Both offer great learning opportunities for homeschooling f… https://t.co/wklgJKr7oG";0;1;1
"2018-11-06";"1059608083263975425";"Christmas Bible Verses for Kids | Teach your kids how Jesus' birth fulfilled prophecy with the 40 adorable cards in… https://t.co/zz7C3pW0QH";0;1;1
"2018-11-06";"1059604713023438848";"This picture means more than you’ll ever know!!! After many many years of struggling in school and holding River ba… https://t.co/O2qgMgOi80";1;0;-1
"2018-11-06";"1059604243269722112";"Homeschool PE. Her first day, and she loves it! <U+2764><U+FE0F> #indoorclimb #indoorclimbinggym #islandrockgym… https://t.co/Qcb8Qmbxzx";0;1;1
"2018-11-06";"1059604056342061061";"@BobbyD_Outdoors @cammipham I can see how if you are willing to put the effort in, homeschooling is fine for the fi… https://t.co/33gJvX93VX";0;2;2
"2018-11-06";"1059603811680030720";"Homeschool Resources:  How to effectively read out loud to your toddler
https://t.co/AzJZnad86b https://t.co/AE1bGEzPtD";1;1;0
"2018-11-06";"1059603762543779840";"A sweet homeschool moment caught on camera....LOOK! They’re both actually working <U+0001F602> I savor these sweet, yet brief,… https://t.co/p9iycHJvTR";0;2;2
"2018-11-06";"1059602959854637057";"javana literally made this homeschooling thing happen for me and i couldn’t be anymore thankful";0;1;1
"2018-11-06";"1059601383056388097";"I gave NYC Public #Library my CD for #schools,  for vetting. I feel pretty good about us being accepted, &amp; if so fu… https://t.co/e7at2zQR8r";0;2;2
"2018-11-06";"1059601286922977281";"WORKSHEET. TI-Nspire Mini-Tutorial: Composite functions: linear to quadratic. This worksheet supports the TI-Nspire… https://t.co/DuCbCZIeFV";0;1;1
"2018-11-06";"1059601207751307264";"It is so easy to forget how important a great nature study can be. Here's some great reasons you should be doing na… https://t.co/uQQKTrV6FW";0;4;4
"2018-11-06";"1059600644124884993";"Fantastic stuff!  Love these in-depth #teachingresources. #homeschool #tpt #education #teachersfollowteachers #ccss… https://t.co/kadhB10Q9H";0;2;2
"2018-11-06";"1059599975082934272";"Why run for Senate? https://t.co/lRf6B0in09 via @YouTube
CGAlejano: not indebted to anybody else
The fact that they… https://t.co/0RVTKvLppk";0;1;1
"2018-11-06";"1059599430217879552";"@DennisDMZ FL won't elect Gillum. Thousands of Yankees can move here &amp; try to ruin our state, but we won't allow th… https://t.co/qKPp2bmX27";1;0;-1
"2018-11-06";"1059598959579160576";"Playing cool new games at the awe inspiring New Central Library @calgary_ncl #homeschool #yycnow #yyc #yycmom https://t.co/E0RdDOGWtn";0;3;3
"2018-11-06";"1059598769208131584";"Whether for homeschool study or just for fun, we've got some key #STEM themes that are just right for November!… https://t.co/A0N7dldDbq";0;2;2
"2018-11-06";"1059597888500719617";"@mxdarkwater hmmm I don't really know what you're dealing with from the preceding posts, but I hope I can cheer you… https://t.co/nG50mix6bx";0;1;1
"2018-11-06";"1059597404473843712";"Homeschool Freebie of the Day is a great place to pick up neat resources whether you homeschool or not. Right now t… https://t.co/Z2VIqFwGHg";0;3;3
"2018-11-06";"1059596504032313345";"Um, this is funny. We're doing testing right now and I feel like this pretty much sums it up. #pointless… https://t.co/DuNUD9erKP";2;3;1
"2018-11-06";"1059596381302779905";"Enter now for a chance to win YOUR favorite homeschool product! YOU choose what you win! Sound like a dream… https://t.co/xwuL9nXbhP";0;4;4
"2018-11-06";"1059596377163030529";"Squirrel  Finger  Puppet   Woodland   Forest  Animal   Pretend  Play  Teach  Learn  Educational   StoryTime  PlayAl… https://t.co/y7PDBQbKTI";2;0;-2
"2018-11-06";"1059596298519756800";"Take a look at ideas for Chemistry experiments for every grade - 100 great ideas! https://t.co/B0LpN04REv… https://t.co/QgfC5yA548";0;1;1
"2018-11-06";"1059596266009698304";"Fuel their passion for the game - Baseball Resources at the Library of Congress is a guide to baseball-related mate… https://t.co/3U6paudONS";0;1;1
